[
  {
    "label": "Appetizers",
    "children": [
      {
        "label": "Artichoke Spinach Dip"
        
      },
      {
        "label": "Cheesy Pull-Apart Bread."
        
      },
      {
        "label": "Fontina-Stuffed, Bacon-Wrapped Dates."
        
      },
      {
        "label": "Homemade Restaurant-Style Salsa."
        
      },
      {
          "label": "Hot Corn and Cheese Dip."
          
      },
      {
          "label": "Loaded Baked Potato Dip."
          
      },
      {
          "label": "Pepperoni Bread."
          
      }
    ]
  },
  {
    "label": "Salad/Soup",
    "children": [
      {
        "label": "Hot & Sour "
        
      },
      {
        "label": "Lemon & Coriander"
       
      },
      {
         "label": "Veg. Noodle Soup"
         
      },
      {
          "label": "Sweet Corn"
      
      },
      {
          "label": "Veg. Munchow"
      
      },
      {
          "label": "Chiken Clear Soup"
      
      }
    ]
  },
  {
    "label": "Main",
    "children": [
      {
        "label": "Thali Regular"
        
      },
      {
        "label": "Thali Spacial"
        
      },
      {
        "label": "Soya Dum Biryani"
        
      },
      {
          "label": "Chiken Biryani"
      
      },
      {
          "label": "Mutton Biryani"
      
      },
      {
          "label": "Porn Fried Rice"
      
      }
      
    ]
  },
  {
    "label": "Sides",
    "children": [
      {
        "label": "Tandoori Paneer Tikka"
        
      },
      {
        "label": "Malai Paneer Tikka"
        
      },
      {
        "label": "Dahi ke Kabab"
        
      },
      {
          "label": "Chiken Bharta"
      
      },
      {
          "label": "Mutton Kadai"
      
      },
      {
          "label": "Punjabi Soya Chap"
      
      }
    ]
  },
  {
    "label": "Desserts",
    "children": [
      {
        "label": "Gulab Jamun"
        
      },
      {
        "label": "Halwa (Seasonal)"
        
      },
      {
        "label": "Misti Dahi"
        
      },
      {
          "label": "Rabri"
      
      }
    ]
  }
]