[
    {
      "label": "Smoothies & Mocktails",  
      "children": [
        {
          "label": "Fruit Punch"
        },
        {
          "label": "Red Sea"
        },
        {
          "label": "Virgin Colada"
        },
        {
          "label": "Love Valley"
        },
        {
          "label": "Pomi Twist"
        },
        {
          "label": "Ginger Fizz"
        },
        {
          "label": "Italian Smooch"
        },
        {
          "label": "Devils Kiss"
        },
        {
          "label": "Blue Lagoon"
        },
        {
          "label": "Fresh Mint Mojito"
        },
        {
          "label": "Kiwi Smoothie"
        },
        {
          "label": "Virgin Guava"
        },
        {
          "label": "Litchi Smoothie"
        },
        {
          "label": "Peach Apricot"
        },
        {
          "label": "Blue Berry Smoothie"
        },
        {
          "label": "Green Hayland"
        }
      ]
    },
    {
      "label": "Tea & Coffee",  
      "children": [
        {
          "label": "Tea"
        },
        {
          "label": "Coffee Mocachino"
        },
        {
          "label": "Coffee Americano (Black)"
        },
        {
          "label": "Coffee Espresso"
        },
        {
          "label": "Ice Tea (Lemon)"
        },
        {
          "label": "Coffee Cappuccino"
        },
        {
          "label": "Espresso (Black)"
        },
        {
          "label": "Cold-Coffee (Frappe)"
        }
      ]
    },
    {
      "label": "Areated Beverages",  
      "children": [
        {
          "label": "Cola / Orange / Lemon"
        },
        {
          "label": "Diet Pepsi"
        },
        {
          "label": "Fresh Lime Soda Sweet / Salt"
        },
        {
          "label": "Mineral Water"
        },
        {
          "label": "Fresh lime Water Sweet / Salt"
        }
      ]
    }
  ]