[
    {
      "label": "Sandwich",
      "value": "Sandwich",    
      "children": [
        {
          "label": "Plain Sandwich",
          "value":"Plain Sandwich"
        },
        {
          "label": "Grilled Sandwich",
          "value":"Grilled Sandwich"
        }
      ]
    },
    {
      "label": "Dosas",   
      "children": [
        {
          "label": "Plain",
          "children": [
            {
              "label": "Dosa (Butter)"
            },
            {
              "label": "Onion Dosa (Butter)"
            },
            {
              "label": "Paper Dosa"
            },
            {
              "label": "Mysore Dosa"
            },
            {
              "label": "Rawa Dosa"
            },
            {
              "label": "Onion Rawa Dosa"
            }
          ]
        },
        {
          "label": "Masala",
          "children": [
            {
              "label": "Dosa (Butter)"
            },
            {
              "label": "Onion Dosa (Butter)"
            },
            {
              "label": "Paper Dosa"
            },
            {
              "label": "Mysore Dosa"
            },
            {
              "label": "Rawa Dosa"
            },
            {
              "label": "Onion Rawa Dosa"
            }
          ]
        }
      ]
    },
    {
      "label": "Uttapam",    
      "children": [
        {
          "label": "Onion Uttapam"
        },
        {
          "label": "Tomato Uttapam"
        },
        {
          "label": "Mix Veg Uttapam"
        }
      ]
    }
]